true_labels,pred_insolubility,pred_solubility
1,0.47887978,0.52112025
1,0.14933965,0.8506603
1,0.10843814,0.8915618
1,0.40220064,0.5977994
1,0.13630545,0.86369455
1,0.6207404,0.37925953
1,0.31102258,0.6889775
1,0.002565995,0.99743396
1,0.5844812,0.41551885
1,0.1776683,0.82233167
1,0.04318965,0.95681036
1,0.7135943,0.28640568
1,0.28229523,0.7177048
1,0.029007895,0.97099215
1,0.34497955,0.6550205
1,0.27184242,0.7281576
1,0.64739496,0.35260502
1,0.2827477,0.7172523
1,0.015730664,0.9842694
1,0.62096524,0.37903473
1,0.22597648,0.7740235
1,0.7514232,0.24857685
1,0.19326316,0.8067369
1,0.16924448,0.83075553
1,0.5886654,0.41133457
1,0.1694503,0.83054966
1,0.1590436,0.8409564
1,0.20256497,0.797435
1,0.035513982,0.96448606
1,0.36176395,0.6382361
1,0.08118367,0.91881627
1,0.014013137,0.9859869
1,0.07431097,0.92568904
1,0.1384413,0.86155874
1,0.11775374,0.88224626
1,0.0814547,0.91854537
1,0.4351199,0.5648801
1,0.6887824,0.3112176
1,0.18101189,0.81898814
1,0.3350093,0.6649907
1,0.25454175,0.74545825
1,0.063215695,0.93678427
1,0.40744624,0.59255373
1,0.029056797,0.9709433
1,0.13510686,0.86489314
1,0.15001974,0.84998024
1,0.09878779,0.9012123
1,0.124218255,0.8757817
1,0.22112761,0.7788724
1,0.2778844,0.7221156
1,0.1860602,0.81393975
1,0.028259601,0.97174037
1,0.07822922,0.92177075
1,0.039720576,0.9602794
1,0.3121784,0.68782157
1,0.24393535,0.7560646
1,0.68969077,0.3103093
1,0.2183483,0.78165174
1,0.16722089,0.8327791
1,0.043205388,0.9567946
1,0.114787266,0.8852128
1,0.52416164,0.4758384
1,0.032093048,0.967907
1,0.09514988,0.9048502
1,0.23330149,0.76669854
1,0.113947906,0.88605213
1,0.7089877,0.2910123
1,0.07718954,0.92281044
1,0.11682442,0.88317555
1,0.4521008,0.54789925
1,0.019524096,0.98047596
1,0.99797803,0.0020220368
1,0.34083238,0.65916765
1,0.010775887,0.98922414
1,0.1475964,0.85240364
1,0.22342446,0.77657557
1,0.18770553,0.8122945
1,0.81614196,0.18385808
1,0.012809777,0.9871902
1,0.101447746,0.89855224
1,0.0226189,0.9773811
1,0.26596144,0.73403853
1,0.032201093,0.9677989
1,0.061124288,0.93887573
1,0.023308711,0.9766913
1,0.07362977,0.92637014
1,6.565112e-05,0.9999343
1,0.09033204,0.90966797
1,0.13863836,0.8613616
1,0.5257742,0.47422585
1,0.6638339,0.3361661
1,0.092188224,0.9078118
1,0.082052894,0.91794705
1,0.034380104,0.96562
1,0.3221824,0.67781764
1,0.07565029,0.9243497
1,0.2791369,0.72086316
1,0.088899665,0.9111003
1,0.12921286,0.87078714
1,0.020611038,0.9793889
1,0.3210541,0.67894596
1,0.027836408,0.97216356
1,0.24141257,0.75858736
1,0.1079928,0.89200723
1,0.03327764,0.9667224
1,0.059648976,0.940351
1,0.22220017,0.77779984
1,0.35693258,0.6430675
1,0.4744188,0.5255812
1,0.009019712,0.9909802
1,0.026642952,0.973357
1,0.10647587,0.8935241
1,0.041611753,0.9583883
1,0.08461545,0.9153846
1,0.11437339,0.88562655
1,0.10056465,0.89943534
1,0.47976133,0.5202387
1,0.20474617,0.7952539
1,0.11276501,0.887235
1,0.056981266,0.94301873
1,0.022212286,0.97778773
1,0.008472864,0.99152714
1,0.6425609,0.3574391
1,0.1517452,0.8482548
1,0.021088557,0.9789114
1,0.062278245,0.9377218
1,0.11738057,0.8826194
1,0.19874541,0.8012546
1,0.05222733,0.9477727
1,0.037010342,0.9629897
1,0.25977048,0.7402295
1,0.03722673,0.96277326
1,0.14699054,0.8530095
1,0.19749883,0.80250114
1,0.040516466,0.9594835
1,0.5613804,0.43861958
1,0.35504028,0.64495975
1,0.006740378,0.9932596
1,0.77392966,0.2260703
1,0.090616904,0.9093831
1,0.00484638,0.99515367
1,0.2143707,0.78562933
1,0.067122824,0.9328772
1,0.091819756,0.9081803
1,0.041918438,0.9580816
1,0.36330178,0.6366982
1,0.48117632,0.5188236
1,0.0147290835,0.98527086
1,0.21023822,0.7897618
1,0.079737775,0.9202622
1,0.019687431,0.9803125
1,0.5525436,0.44745642
1,0.07839959,0.9216004
1,0.119776174,0.8802238
1,0.033882853,0.9661172
1,0.5111851,0.48881495
1,0.7688543,0.23114574
1,0.17877534,0.8212247
1,0.16582467,0.83417535
1,0.12399044,0.8760096
1,0.7276792,0.2723208
1,0.28816238,0.71183765
1,0.48141778,0.5185822
1,0.27175012,0.7282499
1,0.02916819,0.9708318
1,0.011601943,0.988398
1,0.14002976,0.8599702
1,0.50281525,0.4971847
1,0.26295492,0.7370451
1,0.46107006,0.53893
1,0.7244226,0.27557743
1,0.30822197,0.691778
1,0.12802511,0.87197495
1,0.2730234,0.72697663
1,0.4715572,0.5284428
1,0.10145109,0.8985489
1,0.05386794,0.946132
1,0.03686445,0.96313554
1,0.14358266,0.85641736
1,0.054698195,0.9453018
1,0.01678007,0.9832199
1,0.8611031,0.13889691
1,0.008759777,0.9912402
1,0.40890175,0.5910983
1,0.1141203,0.88587976
1,0.18779935,0.81220067
1,0.3135402,0.68645984
1,0.63352424,0.36647573
1,0.4820797,0.51792026
1,0.17785236,0.82214767
1,0.10687279,0.8931272
1,0.38887766,0.6111223
1,0.1612549,0.8387451
1,0.69407713,0.30592284
1,0.70132875,0.29867122
1,0.41717383,0.5828261
1,0.588036,0.41196394
1,0.029465945,0.970534
1,0.18241239,0.81758755
1,0.18063676,0.81936324
1,0.9882144,0.0117855985
1,0.6371101,0.36288986
1,0.41939697,0.58060306
1,0.02121582,0.97878414
1,0.1941524,0.8058476
1,0.5685668,0.4314333
1,0.20196454,0.79803544
1,0.0031666893,0.99683326
1,0.0040683053,0.9959317
1,0.014709251,0.98529077
1,0.09266982,0.9073302
1,0.12606671,0.8739333
1,0.41856605,0.581434
1,0.006515751,0.9934842
1,0.07117572,0.9288243
1,0.14390895,0.8560911
1,0.49529782,0.50470215
1,0.010009129,0.98999083
1,0.33977312,0.6602269
1,0.36697376,0.63302624
1,0.46671852,0.5332815
1,0.64942765,0.35057232
1,0.013090852,0.9869091
1,0.17385033,0.82614964
1,0.030291794,0.9697082
1,0.019855147,0.98014486
1,0.24162652,0.7583735
1,0.93731296,0.06268705
1,0.7700618,0.22993821
1,0.026315793,0.97368425
1,0.539944,0.46005595
1,0.45508757,0.54491246
1,0.009992576,0.9900074
1,0.22329593,0.77670413
1,0.0069357404,0.9930642
1,0.21156882,0.78843117
1,0.0296927,0.97030723
1,0.24106568,0.7589343
1,0.00951145,0.9904885
1,0.2580892,0.7419108
1,0.050077546,0.9499225
1,0.31175464,0.68824536
1,0.10317819,0.89682186
1,0.42382762,0.5761724
1,0.08876994,0.91123
1,0.20974636,0.79025364
1,0.10707418,0.89292586
1,0.65869933,0.34130064
1,0.0021282418,0.99787176
1,0.76819485,0.23180516
1,0.19444966,0.80555034
1,0.14826828,0.8517317
1,0.10273709,0.89726293
1,0.14134042,0.8586596
1,0.10222915,0.8977708
1,0.081354246,0.91864574
1,0.4236073,0.5763927
1,0.629512,0.37048796
1,0.20722386,0.7927761
1,0.022298967,0.977701
1,0.067629814,0.9323702
1,0.26607582,0.73392415
1,0.5156185,0.48438147
1,0.0032603524,0.9967397
1,0.3300027,0.66999733
1,0.17621526,0.8237847
1,0.008117081,0.9918829
1,0.59055763,0.40944242
1,0.02161486,0.97838515
1,0.046889372,0.95311064
1,0.52331954,0.47668046
1,0.2601532,0.7398468
1,0.06914988,0.9308501
1,0.02094169,0.9790583
1,0.12112356,0.8788765
1,0.4199754,0.5800246
1,0.120056815,0.87994325
1,0.0029767146,0.9970233
1,0.0029640265,0.997036
1,0.7960064,0.20399366
1,0.58133036,0.41866967
1,0.7228088,0.2771912
1,0.3313076,0.66869235
1,0.016354404,0.98364556
1,0.5515269,0.4484731
1,0.009668629,0.9903314
1,0.10145722,0.8985428
1,0.5361006,0.46389934
1,0.025381023,0.974619
1,0.070779204,0.92922086
1,0.043033,0.956967
1,0.107047476,0.89295244
1,0.055138167,0.9448618
1,0.58884317,0.41115686
1,0.1388415,0.8611585
1,0.01694604,0.983054
1,0.41750598,0.582494
1,0.43753514,0.5624649
1,0.9298852,0.07011481
1,0.07567478,0.9243252
1,0.43130708,0.568693
1,0.29282704,0.70717305
1,0.20314929,0.7968507
1,0.17098933,0.82901067
1,0.48784244,0.5121576
1,0.3978965,0.6021035
1,0.002890117,0.99710995
1,0.0010764152,0.9989236
1,0.22269902,0.77730095
1,0.00663848,0.9933615
1,0.027339375,0.9726606
1,0.44022116,0.55977887
1,0.24956863,0.7504313
1,0.25043812,0.7495619
1,0.53996545,0.4600346
1,0.7224638,0.27753624
1,0.0566485,0.9433515
1,0.367548,0.632452
1,0.8210913,0.17890866
1,0.60272145,0.39727852
1,0.44641387,0.55358607
1,0.68596727,0.31403273
1,0.07590209,0.92409796
1,0.13600022,0.8639997
1,0.4652167,0.5347833
1,0.20834565,0.7916543
1,0.009092987,0.9909071
1,0.06518837,0.93481165
1,0.3742626,0.62573737
1,0.7006453,0.29935467
1,0.10588552,0.8941145
1,0.027573332,0.9724267
1,0.03693092,0.9630691
1,0.2545252,0.7454748
1,0.15453841,0.84546155
1,0.13584882,0.86415124
1,0.48625433,0.51374567
1,0.07340084,0.9265992
1,0.10064258,0.89935744
1,0.33690658,0.66309345
1,0.83058554,0.1694145
1,0.2693249,0.73067516
1,0.67450035,0.3254997
1,0.061907496,0.9380925
1,0.009390084,0.99060994
1,0.50220186,0.49779812
1,0.13429473,0.8657053
1,0.058165208,0.9418348
1,0.10935281,0.89064723
1,0.7193616,0.2806384
1,0.027764302,0.9722357
1,0.4279395,0.57206047
1,0.15036203,0.8496379
1,0.5810596,0.4189404
1,0.44489783,0.55510217
1,0.0070818146,0.9929182
1,0.061525527,0.9384744
1,0.23028663,0.76971334
1,0.8924627,0.10753734
1,0.22653052,0.7734695
1,0.60466504,0.395335
1,0.0009016035,0.9990984
1,0.053312,0.946688
1,0.058658145,0.9413419
1,0.21735398,0.782646
1,0.32703128,0.6729687
1,0.0055947728,0.99440527
1,0.06990571,0.9300943
1,0.01572715,0.98427284
1,0.052785974,0.947214
1,0.31840494,0.6815951
1,0.12694658,0.87305343
1,0.5733122,0.4266878
1,0.03450344,0.9654966
1,0.97896534,0.021034647
1,0.21458927,0.78541076
1,0.3441536,0.65584636
1,0.36524597,0.6347541
1,0.27951965,0.7204803
1,0.15596987,0.84403014
1,0.6302794,0.36972055
1,0.46795312,0.53204685
1,0.19203024,0.80796975
1,0.024332656,0.9756673
1,0.09524755,0.9047525
1,0.20350742,0.7964926
1,0.21985245,0.7801475
1,0.119405285,0.88059473
1,0.1817262,0.81827384
1,0.5262767,0.4737233
1,0.09947606,0.9005239
1,0.21885417,0.7811458
1,0.81802744,0.18197252
1,0.021803599,0.9781964
1,0.09448246,0.9055176
1,0.0115942145,0.9884058
1,0.117216714,0.88278335
1,0.29382148,0.7061785
1,0.15825327,0.84174675
1,0.08627199,0.913728
1,0.06437769,0.9356223
1,0.55563754,0.44436243
1,0.009468121,0.9905318
1,0.6180677,0.38193232
1,0.40624392,0.59375614
1,0.05177566,0.94822437
1,0.36443317,0.63556683
1,0.038417585,0.96158236
1,0.3564657,0.64353436
1,0.0010650074,0.99893504
1,0.01152252,0.9884774
1,0.5949812,0.40501884
1,0.52485716,0.4751428
1,0.07431466,0.92568535
1,0.21409476,0.78590524
1,0.14064148,0.8593585
1,0.35641453,0.6435855
1,0.13749355,0.8625064
1,0.38328263,0.61671734
1,0.4324025,0.56759745
1,0.07285127,0.9271487
1,0.22556847,0.7744315
1,0.13831802,0.861682
1,0.2305521,0.7694479
1,0.67248714,0.32751286
1,0.44662026,0.5533798
1,0.3873354,0.6126646
1,0.8251713,0.17482868
1,0.05085062,0.94914937
1,0.0013041608,0.9986959
1,0.08225218,0.91774786
1,0.09891199,0.90108806
1,0.6007255,0.39927453
1,0.47034705,0.52965295
1,0.9775148,0.02248521
1,0.302457,0.69754297
1,0.3282659,0.67173404
1,0.012409717,0.9875903
1,0.020406242,0.97959375
1,0.031063331,0.9689367
1,0.03784604,0.96215403
1,0.2747364,0.72526354
1,0.32486808,0.6751319
1,0.005574483,0.99442554
1,0.14183944,0.85816056
1,0.7079418,0.29205823
1,0.04677207,0.95322794
1,0.45139772,0.5486023
1,0.008648323,0.9913517
1,0.4145288,0.5854713
1,0.22662014,0.77337986
1,0.13394344,0.86605656
1,0.09027217,0.90972775
1,0.0026273194,0.9973726
1,0.25871938,0.7412806
1,0.6578318,0.34216815
1,0.14671256,0.8532875
1,0.0007737782,0.9992262
1,0.14439811,0.85560185
1,0.054859877,0.9451401
1,0.82129645,0.17870353
1,0.021006752,0.9789932
1,0.55484456,0.4451555
1,0.28003314,0.7199668
1,0.014936796,0.9850632
1,0.35513932,0.6448607
1,0.38296247,0.61703753
1,0.024140613,0.97585934
1,0.4953211,0.5046789
1,0.1827677,0.81723225
1,0.07681446,0.92318547
1,0.6649947,0.33500522
1,0.4230922,0.5769078
1,0.48574936,0.51425064
1,0.09962726,0.90037274
1,0.09037599,0.909624
1,0.3816947,0.6183053
1,0.14783901,0.852161
1,0.20966306,0.79033697
1,0.20048541,0.7995146
1,0.0614932,0.9385068
1,0.012834583,0.98716545
1,0.025754629,0.97424537
1,0.3329805,0.6670194
1,0.003075139,0.9969248
1,0.21544832,0.7845517
1,0.01381263,0.98618734
1,0.082662955,0.91733706
1,0.10082195,0.899178
1,0.15638076,0.8436192
1,0.48930725,0.5106928
1,0.08789566,0.9121043
1,0.8228531,0.1771469
1,0.2908817,0.7091183
1,0.013889234,0.9861108
1,0.07390382,0.9260962
1,0.0016667497,0.9983333
1,0.20146011,0.7985399
1,0.50044996,0.4995501
1,0.0040177926,0.99598217
1,0.078906715,0.9210932
1,0.004298782,0.99570125
1,0.5915091,0.4084909
1,0.02475043,0.9752495
1,0.0077726585,0.9922273
1,0.62211645,0.3778836
1,0.20873812,0.7912619
1,0.5059695,0.4940305
1,0.028057313,0.97194266
1,0.7696522,0.23034778
1,0.14739373,0.85260624
1,0.033615503,0.96638453
1,0.6587816,0.34121838
1,0.07061087,0.9293892
1,0.039614487,0.9603855
1,0.53978264,0.46021733
1,0.017435515,0.9825645
1,0.5525272,0.44747275
1,0.015922477,0.98407745
1,0.02249718,0.9775029
1,0.0025474473,0.99745256
1,0.4961634,0.50383663
1,0.19009607,0.809904
1,0.04652696,0.95347303
1,0.0050937347,0.9949063
1,0.04038641,0.95961356
1,0.0023376257,0.9976624
1,0.04908474,0.9509152
1,0.15389003,0.8461099
1,0.42593506,0.57406485
1,0.23991582,0.76008415
1,0.08049575,0.9195043
1,0.15003729,0.84996265
1,0.35086352,0.6491365
1,0.02389428,0.97610575
1,0.5172874,0.48271263
1,0.096190475,0.90380955
1,0.41478536,0.5852147
1,0.09973418,0.9002659
1,0.027172964,0.9728271
1,0.16117364,0.8388263
1,0.21660766,0.78339237
1,0.0083481325,0.99165183
1,0.29517514,0.7048248
1,0.026893802,0.97310615
1,0.81540394,0.18459609
1,0.030670118,0.9693299
1,0.24846335,0.75153667
1,0.8645928,0.13540724
1,0.8003971,0.19960295
1,0.27689028,0.7231097
1,0.21530226,0.7846978
1,0.17048042,0.82951957
1,0.056355238,0.9436448
1,0.12322733,0.87677264
1,0.34398085,0.65601915
1,0.05123947,0.94876057
1,0.16980267,0.83019733
1,0.009758509,0.99024147
1,0.320008,0.67999196
1,0.6629383,0.33706164
1,0.8408034,0.1591966
1,0.8710202,0.12897983
1,0.03536888,0.96463114
1,0.1673723,0.8326278
1,0.47725818,0.5227418
1,0.0068263076,0.99317366
1,0.03536566,0.96463436
1,0.75625706,0.24374299
1,0.33209312,0.6679068
1,0.51661247,0.4833875
1,0.85367054,0.14632948
1,0.2438375,0.75616246
1,0.112845376,0.88715464
1,0.70780456,0.2921955
1,0.29732808,0.7026719
1,0.41467655,0.5853235
1,0.44816476,0.55183524
1,0.016708149,0.9832918
1,0.56477386,0.43522608
1,0.48512974,0.5148702
1,0.18229574,0.81770426
1,0.6692999,0.33070013
1,0.64544463,0.35455534
1,0.009836932,0.9901631
1,0.3135566,0.6864434
1,0.5939053,0.40609467
1,0.2290594,0.7709406
1,0.36814275,0.6318573
1,0.081905946,0.91809404
1,0.07396092,0.92603904
1,0.23549187,0.7645081
1,0.08851652,0.9114835
1,0.053827226,0.9461728
1,0.0246468,0.9753532
1,0.4466568,0.5533432
1,0.6755185,0.32448146
1,0.075936906,0.9240631
1,0.15772651,0.84227353
1,0.19005172,0.80994827
1,0.07684111,0.9231589
1,0.06348048,0.93651956
1,0.4461299,0.5538701
1,0.6327723,0.3672277
1,0.08523154,0.91476846
1,0.07894242,0.9210575
1,0.37185666,0.6281433
1,0.023750233,0.9762498
1,0.022400305,0.9775997
1,0.062455647,0.9375444
1,0.025004728,0.9749953
1,0.06174857,0.9382515
1,0.4304005,0.5695995
1,0.24294108,0.7570589
1,0.46613142,0.53386855
1,0.4891924,0.5108076
1,0.05479111,0.9452089
1,0.00097535783,0.9990246
1,0.0039229984,0.996077
1,0.010600308,0.9893996
1,0.5942465,0.4057535
1,0.014481773,0.9855182
1,0.051788792,0.9482112
1,0.79760075,0.20239922
1,0.117382795,0.88261724
1,0.5664433,0.43355662
1,0.8079523,0.19204774
1,0.742342,0.25765797
1,0.30994728,0.69005275
1,0.73674273,0.26325724
1,0.053182542,0.9468175
1,0.04627355,0.9537265
1,0.050716866,0.9492831
1,0.2573995,0.74260056
1,0.017933024,0.982067
1,0.36267626,0.63732374
1,0.40603817,0.5939618
1,0.29743192,0.70256805
1,0.0045075733,0.99549246
1,0.011927615,0.9880724
1,0.61764616,0.38235384
1,0.25183538,0.7481647
1,0.053582378,0.9464177
1,0.75007164,0.24992833
1,0.29295763,0.7070424
1,0.03934036,0.9606597
1,0.015391118,0.9846089
1,0.44966546,0.5503346
1,0.10726377,0.8927362
1,0.480097,0.519903
1,0.009935697,0.9900643
1,0.9364695,0.06353052
1,0.017442655,0.98255736
1,0.1365988,0.8634012
1,0.06450528,0.93549466
1,0.16972947,0.8302706
1,0.20314059,0.79685944
1,0.551109,0.448891
1,0.053570844,0.9464292
1,0.7130022,0.2869978
1,0.03523335,0.9647666
1,0.03682674,0.9631732
1,0.05420779,0.94579226
1,0.09092355,0.9090764
1,0.43004578,0.5699542
1,0.6683039,0.33169615
1,0.09746197,0.902538
1,0.44343036,0.55656964
1,0.5066679,0.49333203
1,0.06029844,0.93970156
1,0.22588047,0.7741195
1,0.07234294,0.92765707
1,0.17739274,0.8226072
1,0.27779388,0.7222062
1,0.62538666,0.3746133
1,0.03727186,0.9627281
1,0.032121684,0.9678783
1,0.48183608,0.518164
1,0.28279063,0.7172094
1,0.005263909,0.994736
1,0.60375917,0.39624086
1,0.20340616,0.79659384
1,0.008679251,0.9913208
1,0.04435754,0.9556425
1,0.4851861,0.51481396
1,0.009011937,0.9909881
1,0.38627926,0.6137208
1,0.02007026,0.97992975
1,0.6452239,0.35477602
1,0.2556411,0.74435884
1,0.025237879,0.97476214
1,0.10687793,0.8931221
1,0.17377722,0.82622284
1,0.19276062,0.80723935
1,0.18359925,0.8164008
1,0.057264157,0.94273585
1,0.00392079,0.99607927
1,0.18695006,0.81304985
1,0.049269874,0.9507302
1,0.6099983,0.3900017
1,0.0029191289,0.99708086
1,0.5748828,0.4251172
1,0.21888946,0.7811106
1,0.2831203,0.7168797
1,0.08233818,0.9176618
1,0.052210394,0.9477896
1,0.26956645,0.7304336
1,0.67759186,0.32240817
1,0.5447815,0.45521846
1,0.0014270636,0.99857295
1,0.07079784,0.9292021
1,0.02475172,0.9752483
1,0.3478253,0.6521747
1,0.37984833,0.62015164
1,0.17058195,0.82941806
1,0.28152746,0.71847254
1,0.7965888,0.20341122
1,0.8352715,0.16472858
1,0.14558063,0.85441935
1,0.108010046,0.89198995
1,0.06218352,0.9378165
1,0.58985347,0.4101465
1,0.01803744,0.9819626
1,0.6257038,0.3742962
1,0.030250333,0.9697496
1,0.308018,0.691982
1,0.50128376,0.49871618
1,0.02606659,0.9739334
1,0.24945182,0.75054824
1,0.004705806,0.99529415
1,0.0037832216,0.99621683
1,0.15016076,0.8498392
1,0.23159842,0.7684016
1,0.517653,0.48234704
1,0.48779365,0.5122064
1,0.0062132524,0.9937868
1,0.43380782,0.56619215
1,0.01549795,0.984502
1,0.0978198,0.90218025
1,0.023607694,0.97639227
1,0.6972521,0.30274785
1,0.37009463,0.62990534
1,0.4930962,0.5069038
1,0.38650692,0.613493
1,0.79574466,0.20425531
1,0.43135527,0.56864476
1,0.06542813,0.9345719
1,0.1002729,0.89972705
1,0.0078082224,0.99219173
1,0.05591366,0.9440863
1,0.08136035,0.9186397
1,0.022243451,0.9777566
1,0.028988227,0.9710118
1,0.018202811,0.9817972
1,0.68883955,0.31116045
1,0.0042390446,0.995761
1,0.23118159,0.7688184
1,0.1073945,0.8926055
1,0.020235041,0.9797649
1,0.005740759,0.99425924
1,0.5861065,0.41389355
1,0.099366315,0.90063363
1,0.075466596,0.9245334
1,0.085084766,0.9149152
1,0.72453547,0.27546456
1,0.1472267,0.8527733
1,0.008977457,0.99102247
1,0.08915023,0.9108498
1,0.6072977,0.3927023
1,0.5737269,0.42627305
1,0.012918455,0.9870816
1,0.55838674,0.4416133
1,0.45033997,0.54965997
1,0.02399231,0.97600764
1,0.0018531088,0.9981469
1,0.35535818,0.6446418
1,0.26990303,0.73009694
1,0.008793295,0.9912067
1,0.09002278,0.90997726
1,0.010296335,0.9897037
1,0.039704636,0.9602953
1,0.093201816,0.9067982
1,0.05477479,0.9452252
1,0.31100446,0.68899554
1,0.014101318,0.98589873
1,0.8459028,0.15409726
1,0.72301084,0.2769892
1,0.13337904,0.8666209
1,0.07671656,0.92328346
1,0.08186756,0.9181324
1,0.74807316,0.25192687
1,0.78603315,0.21396683
1,0.24931878,0.7506813
1,0.00896272,0.99103725
1,0.57991207,0.420088
1,0.09342265,0.90657735
1,0.3160977,0.68390226
1,0.1366013,0.8633987
1,0.011280711,0.9887193
1,0.21664853,0.7833514
1,0.38566485,0.6143352
1,0.57139456,0.42860547
1,0.03892486,0.9610751
1,0.32624835,0.67375165
1,0.11570887,0.8842912
1,0.088026695,0.91197336
1,0.15684597,0.8431541
1,0.041227408,0.95877254
1,0.58839977,0.4116002
1,0.104947306,0.89505273
1,0.1496886,0.85031146
1,0.53492343,0.46507663
1,0.822096,0.17790407
1,0.017671162,0.98232883
1,0.3659641,0.6340359
1,0.28133458,0.7186654
1,0.17348222,0.82651776
1,0.23097926,0.76902074
1,0.43627056,0.5637294
1,0.71199596,0.2880041
1,0.6627827,0.33721718
1,0.2083234,0.7916766
1,0.0057678046,0.9942321
1,0.013155919,0.98684406
1,0.3628113,0.63718873
1,0.026652804,0.9733472
1,0.3083501,0.6916499
1,0.7657103,0.2342897
1,0.053086303,0.94691366
1,0.353969,0.646031
1,0.22795297,0.772047
1,0.00045740596,0.9995426
1,0.48056006,0.5194399
1,0.7934607,0.20653932
1,0.81148285,0.18851712
1,0.25811362,0.7418864
1,0.101767145,0.8982328
1,0.021326618,0.9786734
1,0.24540915,0.7545908
1,0.056827243,0.9431728
1,0.44395277,0.55604726
1,0.18737261,0.8126274
1,0.39524898,0.60475105
1,0.19815665,0.8018433
1,0.7132271,0.28677294
1,0.08047872,0.9195213
1,0.18704614,0.8129539
1,0.078136116,0.92186385
1,0.30352208,0.69647795
1,0.09035544,0.9096446
1,0.04949036,0.95050967
1,0.002759527,0.9972404
1,0.17394672,0.82605326
1,0.019560307,0.9804397
1,0.08813597,0.911864
1,0.47281045,0.5271895
1,0.008120007,0.99188
1,0.21191129,0.78808874
1,0.009591615,0.9904083
1,0.7028741,0.2971259
1,0.06461281,0.93538713
1,0.036184017,0.963816
1,0.004721237,0.99527884
1,0.13595343,0.8640466
1,0.8234741,0.17652594
1,0.01979848,0.98020154
1,0.16563404,0.83436596
1,0.30880463,0.6911954
1,0.43979272,0.56020725
1,0.12889686,0.8711031
1,0.45425567,0.54574436
1,0.6678847,0.33211532
1,0.4698954,0.53010464
1,0.72321934,0.27678066
1,0.5462443,0.45375568
1,0.010159919,0.98984015
1,0.7010415,0.2989585
1,0.32103798,0.678962
1,0.06288879,0.9371112
1,0.003933742,0.9960663
1,0.28831133,0.71168864
1,0.70489436,0.2951057
1,0.07960822,0.9203918
1,0.1586067,0.8413933
1,0.12516318,0.8748368
1,0.0051616696,0.9948383
1,0.010161817,0.9898381
1,0.196315,0.80368495
1,0.04445873,0.95554125
1,0.0016530612,0.9983469
1,0.8387445,0.16125545
1,0.5083096,0.49169037
1,0.32459688,0.6754031
1,0.015635911,0.9843641
1,0.101142645,0.89885736
1,0.67307585,0.32692412
1,0.1193715,0.88062847
1,0.64208156,0.35791844
1,0.46207735,0.5379227
1,0.18841255,0.8115874
1,0.15564275,0.84435725
1,0.2609895,0.7390105
1,0.05519364,0.9448064
1,0.1619169,0.8380831
1,0.013457598,0.98654246
1,0.26023102,0.73976904
1,0.0678655,0.93213445
1,0.28995818,0.7100418
1,0.009907433,0.9900926
1,0.26105717,0.73894286
1,0.10522115,0.89477885
1,0.23064534,0.7693547
1,0.28211376,0.7178862
1,0.12496084,0.8750391
1,0.44937333,0.5506267
1,0.1358776,0.8641224
1,0.026114281,0.97388566
1,0.007772773,0.9922272
1,0.13478178,0.8652182
1,0.021406075,0.97859395
1,0.106762074,0.8932379
1,0.08722597,0.912774
1,0.15722615,0.8427738
1,0.4796167,0.5203833
1,0.47247237,0.52752763
1,0.093849115,0.90615094
1,0.010869627,0.9891304
1,0.15168339,0.84831667
1,0.061186265,0.93881375
1,0.4072432,0.5927568
1,0.054284144,0.9457158
1,0.021187453,0.9788126
1,0.38317287,0.6168271
1,0.055647675,0.9443523
1,0.19508463,0.8049154
1,0.0136754485,0.9863245
1,0.55973166,0.4402683
1,0.0049661575,0.99503386
1,0.5405958,0.45940423
1,0.28506228,0.7149376
1,0.06530603,0.93469393
1,0.51170146,0.48829854
1,0.4442083,0.5557917
1,0.062199734,0.9378002
1,0.060746584,0.93925345
1,0.13807297,0.861927
1,0.50427043,0.49572957
1,0.36737064,0.6326294
1,0.6260309,0.37396908
1,0.035889722,0.9641103
1,0.46234474,0.53765523
1,0.17489581,0.8251042
1,0.20244898,0.79755104
1,0.05502983,0.9449702
1,0.005562413,0.9944376
1,0.0009738044,0.9990262
1,0.03725557,0.9627444
1,0.004387245,0.99561274
1,0.4352695,0.56473047
1,0.28325862,0.7167414
1,0.04441975,0.95558023
1,0.0147141935,0.9852858
1,0.021665113,0.97833484
1,0.09643214,0.90356785
1,0.14739284,0.85260713
1,0.9729499,0.027050005
1,0.10115138,0.8988486
1,0.30363545,0.6963646
1,0.28972796,0.7102721
1,0.032743074,0.9672569
1,0.6361173,0.3638828
1,0.087695636,0.9123044
1,0.013834701,0.9861653
1,0.20003048,0.7999695
1,0.10986497,0.89013505
1,0.6044905,0.39550948
1,0.30752528,0.6924748
1,0.11867891,0.8813211
1,0.61893857,0.38106143
1,0.36559388,0.6344061
1,0.020046117,0.9799539
1,0.21453951,0.7854605
1,0.05217237,0.94782764
1,0.30756563,0.6924344
1,0.039335113,0.96066487
1,0.10215092,0.897849
1,0.0428729,0.95712703
1,0.03962101,0.960379
1,0.37288696,0.62711304
1,0.7954724,0.20452756
1,0.5792247,0.4207753
1,0.16714159,0.8328584
1,0.53030235,0.46969762
1,0.59510833,0.40489164
1,0.033588067,0.9664119
1,0.31547898,0.684521
1,0.2410875,0.75891256
1,0.022586737,0.97741324
1,0.049080756,0.9509192
1,0.687949,0.31205097
0,0.0068053203,0.9931947
0,0.009200837,0.9907991
0,0.0061368416,0.9938632
0,0.010672501,0.98932755
0,0.13062812,0.86937195
0,0.32453695,0.675463
0,0.08460391,0.91539603
0,0.46585378,0.5341462
0,0.12867449,0.8713255
0,0.19736971,0.8026303
0,0.04953486,0.9504652
0,0.66929567,0.33070427
0,0.5634988,0.43650123
0,0.8274364,0.17256361
0,0.7890933,0.21090664
0,0.90034324,0.09965677
0,0.015382521,0.9846175
0,0.13160534,0.8683946
0,0.5358442,0.46415576
0,0.8013586,0.19864145
0,0.121732436,0.8782675
0,0.5525977,0.44740233
0,0.3269464,0.6730536
0,0.32269475,0.6773052
0,0.5281763,0.47182366
0,0.26495668,0.7350433
0,0.09970581,0.9002942
0,0.039520748,0.96047926
0,0.107923135,0.89207685
0,0.19566354,0.8043364
0,0.18811513,0.8118849
0,0.12631845,0.87368155
0,0.6704817,0.32951838
0,0.18246204,0.81753796
0,0.7069413,0.29305872
0,0.64182526,0.35817474
0,0.21185245,0.7881475
0,0.37117326,0.6288267
0,0.11041738,0.8895827
0,0.30603322,0.6939668
0,0.05827186,0.9417281
0,0.29489058,0.7051094
0,0.6481159,0.35188407
0,0.59190965,0.40809035
0,0.3614546,0.6385454
0,0.25651538,0.7434846
0,0.37524405,0.6247559
0,0.6986206,0.30137938
0,0.8898759,0.11012414
0,0.6687027,0.33129734
0,0.106293134,0.89370686
0,0.32030657,0.67969346
0,0.15884237,0.8411577
0,0.30212724,0.69787276
0,0.6227988,0.37720114
0,0.7870907,0.21290933
0,0.37018394,0.6298161
0,0.62025696,0.37974304
0,0.87307507,0.12692499
0,0.70901996,0.29098007
0,0.50343937,0.49656057
0,0.13982393,0.860176
0,0.2592132,0.74078685
0,0.0077762455,0.99222374
0,0.34401265,0.6559874
0,0.6794242,0.32057574
0,0.22068246,0.7793175
0,0.44626075,0.5537393
0,0.005469285,0.99453074
0,0.18354727,0.81645274
0,0.3716288,0.62837124
0,0.25387248,0.74612755
0,0.6544467,0.34555322
0,0.0652205,0.93477947
0,0.77838206,0.22161795
0,0.5606383,0.43936163
0,0.67110175,0.32889828
0,0.42119962,0.5788004
0,0.52882266,0.47117728
0,0.9988254,0.0011746326
0,0.99811256,0.001887439
0,0.34749547,0.65250456
0,0.69296086,0.3070391
0,0.6665873,0.33341265
0,0.1698762,0.83012384
0,0.9987649,0.0012352015
0,0.5574025,0.44259742
0,0.642372,0.35762802
0,0.5385061,0.46149385
0,0.75638396,0.24361609
0,0.9973605,0.0026394047
0,0.99230427,0.007695665
0,0.99864334,0.0013566673
0,0.6525446,0.34745538
0,0.33085993,0.66914004
0,0.5192924,0.4807076
0,0.9951239,0.0048760395
0,0.13241017,0.86758983
0,0.8190489,0.18095109
0,0.99808854,0.0019113907
0,0.9985166,0.0014833558
0,0.9943429,0.005657099
0,0.9939871,0.0060128965
0,0.9939855,0.0060145757
0,0.7167778,0.2832223
0,0.8844439,0.11555612
0,0.75077605,0.24922395
0,0.99869776,0.0013021592
0,0.9961701,0.0038298902
0,0.9271162,0.07288379
0,0.8151426,0.18485737
0,0.98639584,0.01360415
0,0.98355377,0.016446264
0,0.99569124,0.0043087327
0,0.984463,0.015537083
0,0.8274421,0.1725579
0,0.9975151,0.0024848804
0,0.34975013,0.65024984
0,0.5471551,0.45284492
0,0.43198434,0.5680157
0,0.64528644,0.3547136
0,0.49815634,0.50184363
0,0.6395431,0.3604569
0,0.9898629,0.0101371175
0,0.8824271,0.117572926
0,0.98240745,0.017592618
0,0.77090216,0.22909784
0,0.89884555,0.10115446
0,0.9985454,0.0014545753
0,0.5056017,0.49439827
0,0.997502,0.0024979215
0,0.5145162,0.48548386
0,0.35344565,0.64655435
0,0.6868495,0.31315055
0,0.87731224,0.12268777
0,0.99822575,0.0017742518
0,0.31603637,0.6839636
0,0.18027066,0.8197294
0,0.5794273,0.42057273
0,0.7687968,0.23120318
0,0.84586334,0.15413658
0,0.9977927,0.0022073153
0,0.99316674,0.0068333074
0,0.7378792,0.2621208
0,0.9876887,0.012311277
0,0.49164426,0.5083557
0,0.8664788,0.13352124
0,0.9968279,0.0031721024
0,0.6762205,0.32377955
0,0.40548402,0.5945159
0,0.9696916,0.03030841
0,0.6276398,0.37236023
0,0.72914344,0.27085656
0,0.34930912,0.6506909
0,0.9987134,0.0012866871
0,0.6677368,0.3322632
0,0.5837501,0.41624984
0,0.9976909,0.0023091468
0,0.9984915,0.0015084565
0,0.13527554,0.86472446
0,0.88387257,0.11612752
0,0.8210231,0.17897692
0,0.6974442,0.30255574
0,0.84276396,0.157236
0,0.9964928,0.0035071843
0,0.60244775,0.39755222
0,0.82211834,0.17788167
0,0.9982351,0.0017648905
0,0.36183897,0.63816106
0,0.5084511,0.49154896
0,0.9951265,0.004873533
0,0.46534336,0.53465664
0,0.9977983,0.0022016598
0,0.99789846,0.0021015722
0,0.32451296,0.67548704
0,0.60796887,0.39203113
0,0.66049004,0.33951
0,0.7251251,0.2748749
0,0.6352319,0.36476818
0,0.99814963,0.0018503679
0,0.99889994,0.0010999929
0,0.93359077,0.06640923
0,0.99848086,0.0015191742
0,0.9866529,0.01334707
0,0.5061395,0.49386048
0,0.8101422,0.18985781
0,0.64806885,0.35193118
0,0.42318368,0.5768164
0,0.26979175,0.7302083
0,0.70572484,0.29427522
0,0.71433187,0.28566813
0,0.8598562,0.14014386
0,0.9958786,0.0041214647
0,0.931474,0.06852602
0,0.6533782,0.34662184
0,0.99869627,0.0013037738
0,0.27651492,0.72348505
0,0.56839687,0.43160307
0,0.994362,0.0056380415
0,0.9894484,0.010551563
0,0.9965323,0.003467654
0,0.99763036,0.00236967
0,0.8413241,0.1586759
0,0.9968411,0.0031589486
0,0.5808101,0.4191898
0,0.74074686,0.25925308
0,0.6408422,0.35915774
0,0.633585,0.366415
0,0.86616725,0.13383281
0,0.9986082,0.0013919015
0,0.99675375,0.0032462599
0,0.5204344,0.47956565
0,0.8553369,0.1446631
0,0.9991462,0.00085373886
0,0.9886924,0.0113076335
0,0.076751724,0.9232483
0,0.7724448,0.22755529
0,0.9968996,0.0031003982
0,0.8125047,0.18749534
0,0.15236649,0.8476335
0,0.99394184,0.006058162
0,0.18547982,0.8145202
0,0.95347226,0.04652768
0,0.65017295,0.3498271
0,0.9625731,0.037426874
0,0.9973009,0.0026990536
0,0.99798787,0.0020121464
0,0.30250865,0.69749135
0,0.9976476,0.0023523835
0,0.9523464,0.047653582
0,0.5497381,0.45026183
0,0.75647384,0.24352616
0,0.15240152,0.84759855
0,0.55045456,0.4495455
0,0.56557506,0.43442494
0,0.84572077,0.15427922
0,0.46772027,0.5322798
0,0.8703699,0.12963006
0,0.9981109,0.0018891233
0,0.53254974,0.4674503
0,0.9788246,0.02117538
0,0.6758455,0.3241545
0,0.14195782,0.8580422
0,0.515936,0.48406395
0,0.9989353,0.0010647232
0,0.41270918,0.5872908
0,0.9887842,0.011215741
0,0.5607096,0.4392904
0,0.52326787,0.47673208
0,0.97977144,0.020228542
0,0.98041934,0.019580655
0,0.99485826,0.005141789
0,0.24283892,0.7571611
0,0.99787426,0.002125773
0,0.99622333,0.0037766313
0,0.7275017,0.27249837
0,0.9980622,0.0019377928
0,0.7415813,0.25841862
0,0.9911471,0.008852952
0,0.7465671,0.25343296
0,0.21626937,0.7837307
0,0.79293376,0.20706624
0,0.78425914,0.21574089
0,0.42610568,0.57389426
0,0.99920875,0.00079127896
0,0.2691044,0.7308957
0,0.8533268,0.14667314
0,0.75032204,0.24967793
0,0.79850006,0.20149994
0,0.99569726,0.0043027923
0,0.7607456,0.23925442
0,0.5145927,0.48540726
0,0.3249796,0.6750204
0,0.9990815,0.0009184543
0,0.99948907,0.00051093055
0,0.62161964,0.37838036
0,0.71574116,0.28425884
0,0.99303126,0.0069686603
0,0.96700937,0.03299065
0,0.3099716,0.6900284
0,0.5001872,0.4998128
0,0.76370144,0.23629853
0,0.998192,0.0018079912
0,0.96781266,0.03218739
0,0.902492,0.097508
0,0.99923015,0.00076984335
0,0.9649604,0.035039622
0,0.9958851,0.0041149464
0,0.054060683,0.94593936
0,0.9981937,0.0018063458
0,0.0067780185,0.993222
0,0.8104242,0.18957579
0,0.6207609,0.37923908
0,0.51908857,0.4809114
0,0.5068067,0.4931933
0,0.7568627,0.24313731
0,0.9938857,0.006114259
0,0.99815995,0.0018400818
0,0.41309828,0.5869018
0,0.12440081,0.8755992
0,0.15699285,0.84300715
0,0.29746863,0.70253134
0,0.29182777,0.70817226
0,0.91525865,0.084741384
0,0.752771,0.24722895
0,0.36973953,0.63026047
0,0.80996406,0.19003597
0,0.86645836,0.1335416
0,0.49856645,0.5014336
0,0.99141085,0.008589106
0,0.13782576,0.8621743
0,0.7262244,0.27377564
0,0.99797636,0.002023663
0,0.54065067,0.45934927
0,0.4579327,0.5420673
0,0.99293435,0.007065719
0,0.9960581,0.003941919
0,0.5724951,0.42750493
0,0.9823354,0.017664574
0,0.9994708,0.00052921835
0,0.99466443,0.0053355065
0,0.6021309,0.39786908
0,0.48884133,0.51115865
0,0.99726105,0.0027389966
0,0.60567683,0.39432326
0,0.98082376,0.019176295
0,0.90718675,0.09281329
0,0.48650184,0.5134982
0,0.66204524,0.33795473
0,0.14213566,0.8578643
0,0.66061074,0.3393893
0,0.4766666,0.5233334
0,0.99712497,0.0028750848
0,0.72687185,0.27312812
0,0.49510515,0.50489485
0,0.9981242,0.001875797
0,0.7763833,0.2236167
0,0.99692804,0.003072005
0,0.7141134,0.2858866
0,0.992953,0.007046935
0,0.9971198,0.0028802496
0,0.9925039,0.0074961
0,0.6700238,0.32997623
0,0.7806964,0.21930353
0,0.4073013,0.5926987
0,0.99653304,0.0034669505
0,0.98220867,0.01779137
0,0.13544007,0.86455995
0,0.7272147,0.27278528
0,0.4243699,0.5756301
0,0.62410057,0.37589943
0,0.37040198,0.629598
0,0.9962387,0.0037612806
0,0.3752334,0.6247665
0,0.46468154,0.53531843
0,0.9833333,0.016666729
0,0.9980567,0.0019432135
0,0.34748104,0.6525189
0,0.9944442,0.005555773
0,0.9985519,0.0014481237
0,0.99604505,0.0039549074
0,0.8235835,0.1764165
0,0.4563206,0.54367936
0,0.63328046,0.36671957
0,0.8297759,0.17022404
0,0.80770075,0.19229928
0,0.6682814,0.33171862
0,0.70558554,0.29441443
0,0.99493355,0.005066463
0,0.7921568,0.20784318
0,0.868827,0.13117301
0,0.75432307,0.24567698
0,0.9983695,0.0016305427
0,0.9958331,0.004166957
0,0.8172476,0.1827524
0,0.93452555,0.06547446
0,0.5316436,0.46835643
0,0.9984908,0.0015091454
0,0.7702377,0.22976229
0,0.99093854,0.009061401
0,0.15790108,0.84209895
0,0.29850307,0.70149696
0,0.42059103,0.579409
0,0.99219704,0.0078029344
0,0.85539967,0.14460029
0,0.7052299,0.29477012
0,0.81495035,0.18504971
0,0.738236,0.26176402
0,0.89806944,0.101930566
0,0.99881977,0.0011801487
0,0.9969938,0.003006219
0,0.88385075,0.11614924
0,0.9051257,0.094874315
0,0.83873105,0.16126895
0,0.8265707,0.17342937
0,0.9973156,0.0026843485
0,0.8568615,0.14313853
0,0.98800474,0.011995217
0,0.99121547,0.008784538
0,0.7596036,0.2403964
0,0.7508055,0.24919449
0,0.20325647,0.7967435
0,0.58150154,0.41849846
0,0.992622,0.007377954
0,0.4953056,0.5046944
0,0.7910037,0.20899624
0,0.6059848,0.39401522
0,0.9985511,0.001448916
0,0.8660607,0.13393937
0,0.9984925,0.0015074894
0,0.9964896,0.0035103452
0,0.997218,0.0027819672
0,0.4112182,0.5887818
0,0.9274706,0.07252942
0,0.24962275,0.7503773
0,0.6988214,0.30117851
0,0.99831486,0.001685201
0,0.9764533,0.023546705
0,0.5812032,0.41879684
0,0.6629793,0.33702067
0,0.9931231,0.00687688
0,0.77792704,0.222073
0,0.6459414,0.3540586
0,0.5547062,0.4452938
0,0.9854137,0.014586264
0,0.7935252,0.20647483
0,0.6953923,0.3046077
0,0.23172925,0.76827073
0,0.9960757,0.00392424
0,0.9986234,0.0013766965
0,0.9879843,0.012015703
0,0.70097977,0.29902023
0,0.99674606,0.003253875
0,0.66005504,0.33994493
0,0.8193359,0.18066418
0,0.98820704,0.0117929485
0,0.6557043,0.3442956
0,0.9985135,0.0014864298
0,0.99926025,0.0007397601
0,0.5613877,0.43861225
0,0.14732932,0.85267067
0,0.6138155,0.3861845
0,0.71011674,0.28988323
0,0.99668175,0.003318243
0,0.14142162,0.8585784
0,0.62059367,0.3794063
0,0.66821635,0.33178368
0,0.99871695,0.0012830715
0,0.8607057,0.13929437
0,0.34551364,0.65448636
0,0.38512316,0.6148768
0,0.7297278,0.27027214
0,0.34211078,0.6578892
0,0.757761,0.24223903
0,0.932184,0.06781605
0,0.998197,0.0018029716
0,0.9984268,0.0015732246
0,0.6049573,0.39504272
0,0.996567,0.003432912
0,0.34307843,0.65692157
0,0.2674847,0.73251534
0,0.9225138,0.07748619
0,0.41662458,0.58337545
0,0.25056446,0.7494356
0,0.39572227,0.60427773
0,0.013582515,0.98641753
0,0.49491736,0.5050826
0,0.74133295,0.25866702
0,0.60057324,0.3994268
0,0.9988047,0.0011952553
0,0.5968795,0.40312052
0,0.99953437,0.00046566295
0,0.49530816,0.50469184
0,0.99236864,0.007631336
0,0.25245756,0.74754244
0,0.99958843,0.00041158768
0,0.6113843,0.38861576
0,0.9979792,0.002020796
0,0.9994037,0.0005963296
0,0.5377591,0.46224093
0,0.6941162,0.30588382
0,0.99290586,0.0070941574
0,0.81446815,0.18553184
0,0.7478077,0.25219232
0,0.9657051,0.03429492
0,0.30375612,0.6962439
0,0.6002561,0.39974394
0,0.99688965,0.0031103967
0,0.6877637,0.3122363
0,0.73725486,0.26274517
0,0.049402155,0.9505979
0,0.6091911,0.3908089
0,0.40055376,0.5994463
0,0.9972029,0.002797123
0,0.63846016,0.36153987
0,0.9978398,0.0021601398
0,0.08790324,0.9120968
0,0.114505656,0.8854944
0,0.9843226,0.015677419
0,0.98033124,0.019668791
0,0.85472673,0.1452732
0,0.69772136,0.30227855
0,0.546176,0.45382395
0,0.30649576,0.6935043
0,0.73005426,0.2699458
0,0.72985023,0.27014983
0,0.9981305,0.0018695376
0,0.5597194,0.44028065
0,0.99762976,0.0023702313
0,0.993877,0.0061230427
0,0.20550495,0.7944951
0,0.99231553,0.007684418
0,0.7196652,0.28033477
0,0.9947188,0.0052811634
0,0.9610743,0.03892577
0,0.83088636,0.16911365
0,0.6377578,0.36224216
0,0.3495271,0.65047294
0,0.56197166,0.4380283
0,0.8561108,0.14388914
0,0.55327964,0.4467204
0,0.25520727,0.74479276
0,0.85417306,0.14582701
0,0.2132067,0.78679335
0,0.99167365,0.008326324
0,0.46994475,0.5300553
0,0.99306375,0.0069362996
0,0.74851984,0.25148016
0,0.11327675,0.8867233
0,0.56273836,0.43726164
0,0.52625585,0.47374412
0,0.6011406,0.39885935
0,0.99528354,0.0047164303
0,0.7000003,0.29999974
0,0.62191975,0.37808022
0,0.7118069,0.28819308
0,0.9356103,0.064389735
0,0.9906412,0.009358758
0,0.7926575,0.20734252
0,0.97205293,0.027947092
0,0.5682246,0.43177545
0,0.9978904,0.0021095914
0,0.09384866,0.90615135
0,0.68207276,0.31792724
0,0.6106368,0.3893632
0,0.9922551,0.0077449027
0,0.6817211,0.31827894
0,0.5931004,0.40689954
0,0.79831153,0.20168842
0,0.59175354,0.40824646
0,0.997335,0.002665011
0,0.71187305,0.28812695
0,0.66397583,0.33602417
0,0.713056,0.2869439
0,0.99023473,0.009765239
0,0.2852393,0.7147608
0,0.7401287,0.2598713
0,0.98697984,0.013020172
0,0.8970575,0.10294254
0,0.7089487,0.2910513
0,0.77343,0.22656994
0,0.76838136,0.23161863
0,0.21949574,0.7805042
0,0.43930537,0.56069463
0,0.3646518,0.6353482
0,0.9224861,0.07751387
0,0.6765538,0.32344624
0,0.45142716,0.54857284
0,0.983383,0.01661706
0,0.64520985,0.35479012
0,0.9369855,0.06301455
0,0.84747195,0.15252809
0,0.93164027,0.068359815
0,0.9868995,0.013100578
0,0.93856716,0.061432898
0,0.29709956,0.70290047
0,0.99527115,0.0047288337
0,0.6757134,0.32428652
0,0.20881854,0.7911815
0,0.4859909,0.51400906
0,0.25723255,0.7427674
0,0.61047256,0.3895274
0,0.10510762,0.89489233
0,0.80164474,0.19835524
0,0.66600305,0.33399692
0,0.9140972,0.08590281
0,0.21679305,0.7832069
0,0.9955836,0.0044164513
0,0.98823804,0.011762015
0,0.79736185,0.20263816
0,0.9963147,0.0036852888
0,0.55586725,0.44413278
0,0.15521048,0.8447895
0,0.5823119,0.41768807
0,0.38273457,0.61726534
0,0.42204562,0.5779544
0,0.23474672,0.7652533
0,0.99558216,0.0044178097
0,0.90271235,0.09728769
0,0.23939314,0.7606068
0,0.6130437,0.38695627
0,0.5526611,0.44733888
0,0.990464,0.009536001
0,0.9987331,0.0012668727
0,0.06329504,0.936705
0,0.9980685,0.0019315401
0,0.99497694,0.005023011
0,0.97954047,0.0204596
0,0.49013206,0.50986797
0,0.99828666,0.0017132568
0,0.9949591,0.005040803
0,0.8112609,0.18873906
0,0.99693525,0.003064795
0,0.8434047,0.15659529
0,0.43320188,0.5667981
0,0.43509218,0.5649078
0,0.6224979,0.37750202
0,0.5647982,0.4352019
0,0.876605,0.12339502
0,0.9966535,0.00334648
0,0.68697584,0.31302413
0,0.9951997,0.0048002736
0,0.5680925,0.4319075
0,0.9274967,0.07250334
0,0.9930489,0.0069510816
0,0.056143362,0.94385666
0,0.63515407,0.36484593
0,0.5265756,0.4734244
0,0.99663025,0.0033697835
0,0.8701536,0.1298464
0,0.76543576,0.23456421
0,0.97123283,0.028767128
0,0.9987093,0.00129071
0,0.998857,0.0011430047
0,0.7711313,0.22886878
0,0.9962843,0.0037157517
0,0.99617034,0.0038297013
0,0.9953731,0.004626915
0,0.97469395,0.025306042
0,0.5652757,0.43472433
0,0.7419156,0.25808445
0,0.9924993,0.007500749
0,0.17198423,0.8280158
0,0.9966763,0.0033236532
0,0.9566255,0.043374516
0,0.9987809,0.0012190522
0,0.99901795,0.0009820837
0,0.9857657,0.0142342495
0,0.4735198,0.52648014
0,0.99578613,0.004213891
0,0.9938723,0.006127719
0,0.6651755,0.33482453
0,0.76682454,0.23317544
0,0.5427902,0.4572098
0,0.998181,0.0018190218
0,0.19624789,0.8037521
0,0.87843674,0.12156329
0,0.9236669,0.076333076
0,0.6443488,0.3556512
0,0.9981396,0.0018603445
0,0.07510598,0.924894
0,0.996931,0.0030690008
0,0.6627369,0.33726317
0,0.89298534,0.10701468
0,0.9704394,0.029560627
0,0.7500839,0.24991608
0,0.7403365,0.25966355
0,0.9963899,0.0036100687
0,0.997012,0.0029879138
0,0.87223923,0.12776075
0,0.9979132,0.002086797
0,0.65145856,0.34854138
0,0.9967505,0.0032495728
0,0.49912363,0.50087637
0,0.48462126,0.5153788
0,0.9057779,0.09422218
0,0.9975914,0.0024086244
0,0.9983596,0.0016403627
0,0.86637837,0.13362162
0,0.72290534,0.2770947
0,0.99444795,0.0055520227
0,0.8491345,0.15086548
0,0.8520936,0.14790644
0,0.5732823,0.4267177
0,0.99804425,0.0019557527
0,0.5615302,0.4384698
0,0.99872845,0.0012715195
0,0.996469,0.003530962
0,0.9875553,0.012444618
0,0.9953998,0.0046002767
0,0.995783,0.0042170817
0,0.9328291,0.067170896
0,0.9591508,0.04084917
0,0.99708396,0.00291598
0,0.8355049,0.16449514
0,0.9961898,0.0038102765
0,0.87838864,0.12161137
0,0.5821732,0.41782677
0,0.89853704,0.10146296
0,0.99757785,0.0024222236
0,0.98923546,0.010764554
0,0.99911755,0.0008824335
0,0.5964279,0.40357208
0,0.88873255,0.11126744
0,0.99751437,0.0024856867
0,0.9973743,0.0026257283
0,0.5540676,0.4459324
0,0.19703454,0.8029655
0,0.99768245,0.0023175615
0,0.9912061,0.008793935
0,0.9781531,0.021846844
0,0.83605516,0.16394483
0,0.9934465,0.0065535055
0,0.61584985,0.38415012
0,0.7824362,0.21756382
0,0.76002645,0.2399736
0,0.47253543,0.5274645
0,0.06696268,0.9330373
0,0.42189127,0.5781087
0,0.94065934,0.0593407
0,0.2179239,0.7820761
0,0.61666614,0.38333392
0,0.57126445,0.42873552
0,0.6574844,0.34251565
0,0.7040858,0.29591423
0,0.4051455,0.59485453
0,0.9557529,0.044247087
0,0.8632158,0.13678414
0,0.99398464,0.0060153333
0,0.49163243,0.5083676
0,0.88369226,0.11630777
0,0.7007726,0.2992274
0,0.98603916,0.0139608765
0,0.9668009,0.033199094
0,0.9959572,0.0040427945
0,0.8590164,0.1409836
0,0.68807685,0.3119231
0,0.9923314,0.007668581
0,0.74218404,0.25781596
0,0.692917,0.3070831
0,0.04521378,0.95478624
0,0.99625504,0.0037449796
0,0.83208233,0.16791765
0,0.64017713,0.35982284
0,0.87210286,0.12789716
0,0.9970284,0.0029716287
0,0.37368348,0.62631655
0,0.99712926,0.0028707625
0,0.9954821,0.004517952
0,0.9860734,0.013926639
0,0.71686065,0.28313938
0,0.5197858,0.48021418
0,0.99857306,0.0014268922
0,0.5383354,0.46166456
0,0.8159777,0.18402228
0,0.99819857,0.0018015039
0,0.74789166,0.25210834
0,0.88229626,0.11770374
0,0.71406716,0.2859328
0,0.97827554,0.021724481
0,0.70629525,0.2937047
0,0.9942622,0.005737804
0,0.7416335,0.25836653
0,0.69055134,0.30944866
0,0.9898398,0.010160226
0,0.8747873,0.12521268
0,0.72056156,0.27943844
0,0.7079987,0.29200128
0,0.83971435,0.1602856
0,0.7389284,0.26107168
0,0.9961965,0.0038035656
0,0.61232895,0.38767108
0,0.95819813,0.0418019
0,0.36057252,0.6394275
0,0.24410555,0.7558944
0,0.74271435,0.25728562
0,0.23077816,0.76922184
0,0.76335573,0.23664425
0,0.45035028,0.5496497
0,0.03978511,0.96021485
0,0.7877886,0.21221143
0,0.706205,0.29379496
0,0.9973105,0.0026895108
0,0.3017845,0.69821554
0,0.83295465,0.16704537
0,0.99142635,0.008573601
0,0.9969342,0.0030657798
0,0.7163388,0.2836612
0,0.11606437,0.8839357
0,0.99187225,0.008127691
0,0.9962624,0.0037376087
0,0.773158,0.22684206
0,0.8379205,0.16207954
0,0.9969522,0.0030477843
0,0.9987708,0.0012292489
0,0.99860066,0.001399295
0,0.99682236,0.003177683
0,0.99938905,0.0006109504
0,0.58788776,0.41211227
0,0.42122084,0.5787792
0,0.8258206,0.17417936
0,0.671401,0.32859898
0,0.9932088,0.0067911926
0,0.9992704,0.00072965486
0,0.99884146,0.0011585442
0,0.99881375,0.0011862286
0,0.64987785,0.35012206
0,0.7933236,0.20667642
0,0.8650231,0.13497694
0,0.79905194,0.20094807
0,0.13489023,0.8651098
0,0.8266984,0.17330164
0,0.9982659,0.0017340792
0,0.9926851,0.007314925
0,0.8285045,0.17149553
0,0.7965261,0.20347388
0,0.6285469,0.37145317
0,0.99198604,0.008013935
0,0.81987226,0.18012783
0,0.6896762,0.31032372
0,0.99557376,0.0044261855
0,0.9848194,0.015180635
0,0.99841654,0.0015834407
0,0.99761754,0.0023824468
0,0.44598955,0.55401045
0,0.5298496,0.47015038
0,0.20247768,0.79752237
0,0.15294099,0.84705895
0,0.97084796,0.029152032
0,0.5374126,0.4625875
0,0.87100667,0.1289933
0,0.8283062,0.17169386
0,0.79896647,0.20103353
0,0.9963108,0.0036891634
0,0.808939,0.191061
0,0.63959545,0.36040455
0,0.9973459,0.002654011
0,0.48395443,0.5160455
0,0.98986864,0.010131426
0,0.97948885,0.020511147
0,0.50198895,0.49801108
0,0.756749,0.24325103
0,0.77665323,0.22334684
0,0.99865085,0.0013491277
0,0.80285084,0.1971491
0,0.5657114,0.43428865
0,0.644562,0.35543796
0,0.99399805,0.0060019395
0,0.82995766,0.17004228
0,0.62901074,0.3709893
0,0.92828447,0.071715504
0,0.19471596,0.805284
0,0.14558755,0.8544125
0,0.9355857,0.06441433
0,0.83460945,0.1653905
0,0.87726665,0.12273329
0,0.9939235,0.0060764416
0,0.9983897,0.001610343
0,0.85404944,0.14595056
0,0.5387837,0.4612163
0,0.9976532,0.0023468337
0,0.83422774,0.16577223
0,0.91882455,0.08117546
0,0.6249294,0.37507057
0,0.19424792,0.80575204
0,0.1254037,0.8745963
0,0.99626654,0.0037334242
0,0.893483,0.106516995
0,0.9989417,0.0010583139
0,0.8109021,0.1890979
0,0.6363705,0.36362955
0,0.79430926,0.20569076
0,0.36966503,0.63033503
0,0.72325855,0.27674147
0,0.76151294,0.23848706
0,0.99308515,0.0069149104
0,0.8978495,0.10215053
0,0.576408,0.42359203
0,0.683142,0.31685805
0,0.42621723,0.5737827
0,0.5542556,0.4457443
0,0.4541412,0.54585886
0,0.99790263,0.0020973363
0,0.54642147,0.4535785
0,0.8269142,0.1730858
0,0.9953917,0.0046082595
0,0.9991742,0.00082575186
0,0.948244,0.05175602
0,0.7157974,0.2842026
0,0.58867323,0.4113268
0,0.22185169,0.7781483
0,0.19137001,0.80863
0,0.24048117,0.75951886
0,0.7802014,0.21979864
0,0.99595886,0.0040411702
0,0.8487125,0.15128754
0,0.6266926,0.3733074
0,0.793983,0.20601697
0,0.99094397,0.009056017
0,0.6248162,0.37518382
0,0.28823477,0.7117652
0,0.1956471,0.80435294
0,0.79701453,0.20298553
0,0.9983368,0.0016631489
0,0.59281033,0.40718958
0,0.99696547,0.00303453
0,0.9982229,0.001777085
0,0.8941179,0.10588204
0,0.76965624,0.23034379
0,0.80046505,0.19953498
0,0.9737602,0.02623981
0,0.993505,0.0064949365
0,0.6640429,0.33595714
0,0.5113014,0.48869857
0,0.995877,0.0041229012
0,0.8427796,0.15722048
0,0.30276814,0.6972319
0,0.99632406,0.0036759933
0,0.8372479,0.16275208
0,0.44720224,0.5527978
0,0.9909294,0.009070547
0,0.5716505,0.42834944
0,0.8613521,0.13864793
0,0.24848348,0.7515165
0,0.7949646,0.20503537
0,0.997666,0.00233408
0,0.6456578,0.35434222
0,0.7638838,0.23611617
0,0.7317495,0.26825052
0,0.5785188,0.42148116
0,0.8603579,0.13964209
0,0.998168,0.0018320272
0,0.99924695,0.0007530697
0,0.9985489,0.0014510335
0,0.9987576,0.0012423842
0,0.6536564,0.34634364
0,0.7229643,0.27703574
0,0.6351356,0.3648644
0,0.8626319,0.1373681
0,0.9922537,0.0077462876
0,0.9960472,0.003952846
0,0.99421555,0.00578446
0,0.80693257,0.19306743
0,0.7167507,0.28324932
0,0.58009726,0.41990268
0,0.72239697,0.277603
0,0.16208142,0.8379186
0,0.8163061,0.18369393
0,0.9231094,0.07689065
0,0.44486764,0.5551324
0,0.7204085,0.27959156
0,0.52510065,0.47489935
0,0.5838593,0.41614068
0,0.6046531,0.39534688
0,0.7693059,0.23069419
0,0.8232639,0.17673612
0,0.80334264,0.19665742
0,0.32926106,0.6707389
0,0.5839358,0.41606423
0,0.63035154,0.36964846
0,0.7902536,0.2097464
0,0.82918996,0.17081009
0,0.7789099,0.22109014
0,0.9917316,0.008268403
0,0.99110925,0.008890755
0,0.8688113,0.13118863
0,0.99693465,0.0030653775
0,0.93172115,0.068278894
0,0.99335724,0.0066427262
0,0.52330077,0.47669917
0,0.48786694,0.5121331
0,0.6006976,0.39930242
0,0.9989975,0.001002467
0,0.8407413,0.15925871
0,0.28716835,0.7128317
0,0.0990549,0.9009451
0,0.99857557,0.0014243718
0,0.71277636,0.2872236
0,0.80599755,0.19400242
0,0.908958,0.09104198
0,0.99450004,0.0054999343
0,0.9975216,0.0024783835
0,0.9982425,0.0017575485
0,0.57076937,0.42923057
0,0.99470276,0.005297204
0,0.58000064,0.41999933
0,0.44028047,0.5597195
0,0.74078006,0.25921994
0,0.8364655,0.16353445
0,0.5060667,0.49393326
0,0.8575382,0.14246178
0,0.9202782,0.07972182
0,0.27921087,0.72078913
0,0.6620009,0.33799914
0,0.9985367,0.001463342
0,0.6545292,0.3454708
0,0.9991116,0.0008884473
0,0.99401253,0.0059874887
0,0.8288756,0.17112438
0,0.84973496,0.1502651
0,0.20294102,0.79705906
